"task_id","finding_ids","priority","title","batch","execution_order","audit_status","implementation_status","hosted_status","original_dependencies","implementation_dependencies","local_deliverable","hosted_prerequisite","acceptance_criteria","user_case_ids","evidence_ids","files_and_steps","owner_role","audit_effort_estimate","result_sha","test_command","test_result","new_evidence_path","next_action","rollback","base_sha","test_exit_code","blocked_reason"
"T-01","F-01","P1","記錄 cron 已撤下及停止沿用舊401結論","0","1","已驗證完成","baseline_verified","not_applicable_to_closed_baseline","—","—","保留已驗證完成；核對 SHA 漂移與 DEC-10","不代表維護已啟用","確認repo無crons，記錄有限logs無返回；明確不等同維護成功或舊401根因已解。","UC-11","E31 E33 E34","Implementation Plan 的 T-01 小節","DevOps","0.5 日（粗估，未排期）","","","本計劃未執行產品測試／修復","","核對是否有基準漂移","純調查無變更","d1cbc7bd8a2bc7989c774d15001f7971274bed8d","",""
"T-02","F-01","P1","需要定時營運時，另案啟用及驗收維護","E","20","受阻","not_started","blocked_prerequisites","T-01 T-11 T-19","T-01 T-11 T-19","準備 cron auth／heartbeat／backlog fixture 及 activation runbook","DEC-10 營運決定變更及啟用授權；3 次合法 tick","營運決定啟用後：無憑證拒絕；合法tick連續3次成功；逐步heartbeat、積壓及缺tick告警；可控job無重複副作用。","UC-11","E31 E33 E34","Implementation Plan 的 T-02 小節","DevOps／Backend","0.5–1 日（粗估，未排期）","","","本計劃未執行產品測試／修復","","準備 cron auth／heartbeat／backlog fixture 及 activation runbook","回復前一配置／部署；保留驗證及冪等限制","d1cbc7bd8a2bc7989c774d15001f7971274bed8d","",""
"T-03","F-02","P1","統一報告 slug contract","A1","3","待開始","local_verified","not_run","—","—","共用 report slug parser、claim／OAuth／onboarding regression","專用身份／workspace；完整 claim journey","真實含 _ slug 及含 -、大小寫 fixture 從登入到 onboarding 保留 claim；非法 slash／超長拒絕；權限仍 fail closed","UC-12","E22 E31 E32","Implementation Plan 的 T-03 小節","Full-stack","0.5 日（粗估，未排期）","c31a29779deb1934301cfe555bbcbbfc14ef96a9","vitest T03 selected 8 files --maxWorkers=1; tsc --noEmit; scoped eslint","106 tests passed; root typecheck exit 0; scoped lint exit 0","docs/audits/remediation-evidence/T03-green.txt","hosted claim journey when dedicated identities/workspace and authorization exist","回復單一程式碼變更；不改現有 slug","d1cbc7bd8a2bc7989c774d15001f7971274bed8d","0",""
"T-04","F-03","P1","確認舊漏斗驗收失敗已消除","0","2","已驗證完成","baseline_verified","not_applicable_to_closed_baseline","—","—","保留舊 CI 已結案證據；新的修復仍需新 CI","不代表 promotion gate 已核對","同production SHA的CI required acceptance 44/44成功，保存run與job ID。","UC-13","E19 E20","Implementation Plan 的 T-04 小節","QA／Backend","0.5–1 日（粗估，未排期）","","","本計劃未執行產品測試／修復","","核對是否有基準漂移","純調查無資料變更","d1cbc7bd8a2bc7989c774d15001f7971274bed8d","",""
"T-05","F-03","P1","核對部署必須等待 required CI","D","15","待驗收","not_started","not_run","T-04","T-04","唯讀 required-check／promotion 設定；失敗分支演練方案","設定存取及外部分支演練授權；需 gate 拒絕證據","記錄required checks及promotion設定；用非production失敗分支证明不會提升正式alias。","UC-13","E19 E20","Implementation Plan 的 T-05 小節","Backend／DevOps","1–2 日（待診斷）（粗估，未排期）","","","本計劃未執行產品測試／修復","","唯讀 required-check／promotion 設定；失敗分支演練方案","回復 workflow 與部署策略前先確保替代 gate；產品回退至已驗證 SHA","d1cbc7bd8a2bc7989c774d15001f7971274bed8d","",""
"T-06","F-04","P1 啟用前","修正優惠事實檢查","B","8","待開始","local_verified","not_run","—","—","currency-aware／雙日期／年份 parser 和 acceptance warnings","Beta 維持現況；實際 enablement 另驗","HKD88→NT$88 及 US$88 必有 warning；漏起日／迄日、錯年均提示；正確 HKD/TWD、本地日期及千分位通過；人工核准仍綁版本","UC-14","E31 E32 E35","Implementation Plan 的 T-06 小節","AI／Backend","1 日（粗估，未排期）","3902941","vitest run offer-boundaries/offer-checks/agents/corpus/offer-warning-copy/version-meta/action-detail-client; tsc --noEmit; scoped eslint","RED: 12 offer boundary failures and 3 warning UI failures. GREEN: 7 files, 251 tests. Immutable approval regression retained.","docs/audits/remediation-evidence/T06-*.txt","T-16 offline corpus; live promotion/enablement requires separate authorization.","Revert T-06 commit; no data or migration change; flags retain current values.","d1cbc7bd8a2bc7989c774d15001f7971274bed8d","RED 1; GREEN 0; tsc 0; lint 0",""
"T-07","F-05","P2","讓掃描進度反映真實來源狀態","A2","6","待開始","local_verified","not_run","—","—","collector stage 與 module outcome 分開；未知不顯示 measured","受准許的 live scan，若無則 fixture verified","不填 IG、unsupported、timeout、partial 皆不曾顯示錯誤 measured；stage 可前進但 module outcome 不被猜測","UC-04","E23 E31 E32","Implementation Plan 的 T-07 小節","Full-stack","0.5–1 日（粗估，未排期）","3ea795dc62fa0e199fd0e299e83f003cf2aff4ae","vitest A2 selected 14 files --maxWorkers=1; tsc --noEmit; scoped eslint","245 targeted tests passed; typecheck and lint exit 0","docs/audits/remediation-evidence/A2-final-green.txt","Final gates and separately authorized hosted journey","回復顯示邏輯；保留原始 outcome","d1cbc7bd8a2bc7989c774d15001f7971274bed8d","0",""
"T-08","F-06","P2","前後端共用網址驗證","A2","5","待開始","local_verified_db_blocked","not_run","—","—","共用 optional website URL helper、UI＋server 拒絕無效輸入","受准許的 live scan，若無則 fixture verified","空白可過；not-a-url、非 HTTP(S)、超長均拒絕且不增加來源數；合法含 path/query 的網址保留；安全 fetch 防護不退步","UC-03","E25 E31 E35","Implementation Plan 的 T-08 小節","Full-stack","0.5 日（粗估，未排期）","3ea795dc62fa0e199fd0e299e83f003cf2aff4ae","vitest A2 selected 14 files --maxWorkers=1; tsc --noEmit; scoped eslint","245 targeted tests passed; typecheck and lint exit 0","docs/audits/remediation-evidence/A2-final-green.txt","Final gates and separately authorized hosted journey","回復 schema／UI；不更動既有記錄","d1cbc7bd8a2bc7989c774d15001f7971274bed8d","0","Disposable PostgreSQL beforeAll timeout (120s); 19 tests skipped before assertions; no hosted identities/workspace authorization."
"T-09","F-07","P2","固定行動 tabs 的統計口徑","C1","10","待開始","not_started","not_run","—","—","counts scope 與 tab filter 分開；faithful mock＋DB parity","專用 workspace 的多角色列表驗收","repository mock/DB尊重states過濾；mixed open/completed資料切所有tabs，counts口徑穩定；明確channel/status是否納入分母。","UC-15","E28 E31","Implementation Plan 的 T-09 小節","Backend／Frontend","0.5–1 日（粗估，未排期）","","","本計劃未執行產品測試／修復","","counts scope 與 tab filter 分開；faithful mock＋DB parity","回復 read query；無資料 migration","d1cbc7bd8a2bc7989c774d15001f7971274bed8d","",""
"T-10","F-08","P2","修正本地月份邊界","C1","11","待開始","not_started","not_run","—","—","IANA local month descriptor／DB bounds；home＋notice dedupe","正式 timezone／資料查詢唯讀驗收","HK與TW月初00:00、00:15、07:59、08:00及前月底資料正確；必要時加入DST timezone；所有月份邊界共用helper。","UC-16","E28 E31","Implementation Plan 的 T-10 小節","Backend","0.5 日（粗估，未排期）","","","本計劃未執行產品測試／修復","","IANA local month descriptor／DB bounds；home＋notice dedupe","回復查詢下限；無資料改寫","d1cbc7bd8a2bc7989c774d15001f7971274bed8d","",""
"T-11","F-09","P2","把 mail 批次限制在總 deadline","D","14","待開始","not_started","not_run","T-01","T-01","共享 55 秒預算；body／DB／lease／retry fixture","scheduler 尚未啟用；T-02 決定後受控觀察","10筆慢transport fixture在共享deadline內停止；包括response body與DB時間；未處理項可重試；已送項不重送。","UC-17","E27 E31","Implementation Plan 的 T-11 小節","Backend","1 日（粗估，未排期）","","","本計劃未執行產品測試／修復","","共享 55 秒預算；body／DB／lease／retry fixture","降低 batch／回復 worker route，保持租約及 idempotency","d1cbc7bd8a2bc7989c774d15001f7971274bed8d","",""
"T-12","F-10","P2","限制列表查詢及量測大工作台","C2","12","待開始","not_started","not_run","—","T-09 T-10","25／50 keyset pagination、latest projection、DB counts、benchmark","專用 workspace；不以合成延遲當正式場域效能","以 10/100/1000 actions、每項 10 versions、5 runs fixture 比較；每頁不超過 50 項，不載入全部 version body；跨頁無遺漏重複","UC-18","E31","Implementation Plan 的 T-12 小節","Backend","1–2 日（粗估，未排期）","","","本計劃未執行產品測試／修復","","25／50 keyset pagination、latest projection、DB counts、benchmark","保留舊讀法 flag，回復讀取實作","d1cbc7bd8a2bc7989c774d15001f7971274bed8d","",""
"T-13","F-10","P2","改善每日行動查找與批量分派","C2","13","待開始","not_started","not_run","T-12","T-12","search／filters／preview bulk assignment／CAS／部分失敗；flag off","明確 enablement；owner／manager／viewer workspace","依 UX 規格篩選→選擇→預覽→分派；無權限列有原因，成功與失敗分開，僅失敗重試；不新增批量核准或發佈","UC-18","E31 E33","Implementation Plan 的 T-13 小節","Product／Frontend／Backend","2–3 日（粗估，未排期）","","","本計劃未執行產品測試／修復","","search／filters／preview bulk assignment／CAS／部分失敗；flag off","以 feature flag 關閉批量入口；保留單筆操作","d1cbc7bd8a2bc7989c774d15001f7971274bed8d","",""
"T-14","F-11","P3","本地化來源限制與店主文案","A2","7","進行中","local_verified","not_run","—","—","限制原因 zh-HK／zh-TW／en mapping；未知原因 fallback","公開報告三語畫面覆核","保留已改善的能見度／空白頁文案；IG未提供、TRUST未量度等原因全部按zh-HK/zh-TW/en映射，提供可行下一步。","UC-05 UC-10","E21 E23 E26","Implementation Plan 的 T-14 小節","Frontend／Content","0.5 日（粗估，未排期）","3ea795dc62fa0e199fd0e299e83f003cf2aff4ae","vitest A2 selected 14 files --maxWorkers=1; tsc --noEmit; scoped eslint","245 targeted tests passed; typecheck and lint exit 0","docs/audits/remediation-evidence/A2-final-green.txt","Final gates and separately authorized hosted journey","回復翻譯 mapping","d1cbc7bd8a2bc7989c774d15001f7971274bed8d","0",""
"T-15","—","P1","完成登入後真實驗收","E","18","受阻","not_started","blocked_prerequisites","T-03 T-18 T-19","T-03 T-18 T-19","完整身份→claim→resume→facts→generate→version approval→applied→rescan fixture","專用 owner／scoped manager／viewer／nonmember；可授權 workspace","完成登入→認領→resume→補事實→生成→改稿→指定版本核准→匯出→標完成→同條件重掃；記錄有權／無權、重複提交及恢復案例","UC-08 UC-09 UC-19 UC-20","E21 E24 E33","Implementation Plan 的 T-15 小節","QA／產品擁有者","1–2 日（粗估，未排期）","","","本計劃未執行產品測試／修復","","完整身份→claim→resume→facts→generate→version approval→applied→rescan fixture","使用可識別測試資料並依正常可恢復機制清理","d1cbc7bd8a2bc7989c774d15001f7971274bed8d","",""
"T-16","—","P2","建立 AI 輸出品質基線","B/E","9","受阻","offline_verified_live_blocked","blocked_prerequisites","T-06","T-06","依 registry 建 96 個目標 offline cases；live manifest／harness","DEC-04 live budget／dataset／模型執行授權","區分 canned guardrail 與真模型；每項適用工具至少正常/缺資料/對抗/恢復；統計無根據主張、price/date 正確率、schema failure、p50/p95 及成本","UC-14 UC-19","E27 E32 E35","Implementation Plan 的 T-16 小節","AI／QA／Content","1–2 日（粗估，未排期）","","vitest corpus audit-matrix provider-recovery eval-workflows runs --maxWorkers=1; scoped eslint; tsc --noEmit","88 named fixtures + 8 explicit unrouted N/A slots; 5 files / 213 tests passed; rejected-provider retry fixed; zero real model cost.","docs/audits/ai-quality-baseline.md; docs/audits/remediation-evidence/T16-*.txt","Live only after stated prerequisites and explicit authorization; continue C1 locally.","Revert T-16 local code/fixture commit; no DB migration, hosted flags or actions changed.","d1cbc7bd8a2bc7989c774d15001f7971274bed8d","RED 1; GREEN 0; lint 0; tsc 0","DEC-04 explicit budget/model/dataset/reference labels/reviewer/quality thresholds missing; no live authorization."
"T-17","—","P2","補香港手機效能及可用性實測","C2/E","17","受阻","not_started","blocked_prerequisites","T-12","T-12 T-13","375／390px、鍵盤、長內容、慢網路 fixture；field 方法","HK 真裝置／網路樣本及測量條件","HK 地區裝置樣本記錄 LCP/INP/CLS；掃描步驟和對話框可完整鍵盤操作；無水平溢出；記錄測量條件與樣本数","UC-21","E35","Implementation Plan 的 T-17 小節","Frontend／QA","0.5–1 日（粗估，未排期）","","","本計劃未執行產品測試／修復","","375／390px、鍵盤、長內容、慢網路 fixture；field 方法","無 production 寫入","d1cbc7bd8a2bc7989c774d15001f7971274bed8d","",""
"T-18","F-12","P2","補回無成員帳戶的申請狀態入口","A1","4","進行中","local_verified_browser_blocked","not_run","—","—","no_access → 本人 selector CTA；不改 membership","本人 pending request／陌生身份 hosted 驗收","保留店主／同事新指引；no_access可到本人申請狀態；已有申請不要求重掃；陌生身份看不到他人狀態；不自动創建會員。","UC-08 UC-22","E21 E24 E31","Implementation Plan 的 T-18 小節","Full-stack／UX","0.5–1 日；產品空白狀態選擇有少量不確定性（粗估，未排期）","5109ecf342bab054aa41b034e149b9a91d08553e","vitest A1 selected; vitest --config vitest.integration.config.ts A1; eslint; playwright guided-sign-in selected","35 unit and 7 real DB tests passed; scoped lint exit 0; browser fixture setup timed out","docs/audits/remediation-evidence/A1-green.txt; A1-integration.txt; A1-browser.txt","Retry local browser during final gate; hosted authorization remains separate","回復導覽及文案變更；不做 migration 或資料補寫","d1cbc7bd8a2bc7989c774d15001f7971274bed8d","unit=0,db=0,lint=0,browser=1","Local browser owned PostgreSQL initialization >240s; hosted dedicated identities/workspace and authorization absent"
"T-19","—","P1 啟用前","獨立核對正式 migration journal，特別是0014","D","16","受阻","not_started","blocked_prerequisites","—","—","disposable migrations／flag-off measurement；唯讀 journal 程序","獨立正式 journal／checksum／host／database metadata 存取","production對應部署的0001–0014 journal與checksum一致；關閉publish旗標仍可完成comparable rescan measurement fixture；證據不含連線秘密。","UC-24","E33","Implementation Plan 的 T-19 小節","DB／DevOps","0.5日","","","本計劃未執行產品測試／修復","","disposable migrations／flag-off measurement；唯讀 journal 程序","無寫入；若後續migrate另設rollback計劃","d1cbc7bd8a2bc7989c774d15001f7971274bed8d","",""
"T-20","—","P1 啟用前","分開驗收新功能的程式、旗標與正式營運","E","19","受阻","not_started","blocked_prerequisites","T-15 T-19","T-15 T-19","各旗標 off／fixture on、scope／quota／reconcile 矩陣","staging workspace；正式旗標／精確 target 和 version 發佈授權","逐項列明旗標實值（不含secret）、角色／scope、配額、失敗復原；測試workspace內完成受准許循環；發佈另需精確目標及版本授權。","UC-23 UC-24","E27 E33","Implementation Plan 的 T-20 小節","Product／QA／Backend","1–2日","","","本計劃未執行產品測試／修復","","各旗標 off／fixture on、scope／quota／reconcile 矩陣","按功能旗標關閉；保留待reconcile的delivery ledger","d1cbc7bd8a2bc7989c774d15001f7971274bed8d","",""
"T-21","—","P2","補備份還原及營運交接演練","D/E","21","受阻","not_started","blocked_prerequisites","—","—","隔離 restore runbook、合成 workspace／RTO-RPO 紀錄模板","backup／restore 來源與隔離 target；實際演練授權","隔離restore可登入讀取合成工作台；記錄實測RTO/RPO、缺損檢查及交接；不還原覆蓋production。","UC-25","E33","Implementation Plan 的 T-21 小節","DevOps／DB","1日","","","本計劃未執行產品測試／修復","","隔離 restore runbook、合成 workspace／RTO-RPO 紀錄模板","刪除演練環境需按授权處理；不碰production","d1cbc7bd8a2bc7989c774d15001f7971274bed8d","",""
