op_id,area,route,control_action,role,precondition,expected,actual,case,evidence,layer,result
OP-R01,scan,POST /api/scan/start,"submit step 4 with website not-a-url / https://user:pass@x / 42",anonymous,consent ticked,400 before limiter and before any job,"400 website_url is invalid; limiter and insert not called",invalid input,app/api/scan/start/route.test.ts,unit (mocked repo),pass
OP-R02,scan,/[locale]/scan step 3,"type not-a-url then Continue (en/zh-HK/zh-TW)",anonymous,manual entry,"field error + focus; not counted as a source; blank clears",as expected,invalid input,components/scan-page.website.test.tsx,component (jsdom),pass
OP-R03,scan,POST /api/scan/start,retry same submission after lost response,anonymous,first request committed,"same jobId; no second job / consent / scan_started; replayed:true","as expected (before fix: second job)",failure/retry,test/integration/neon-scan-submission.integration.test.ts,integration (real route + Postgres),pass (F-13)
OP-R04,scan,POST /api/scan/start,5 concurrent identical submissions,anonymous,same key,1 job,"1 job (before fix: 5)",concurrency,neon-scan-submission integration,integration,pass (F-13)
OP-R05,scan,POST /api/scan/start,reuse key for a different business,anonymous,key used once,409 submission_key_conflict and no write,"as expected (before fix: 200)",invalid input,neon-scan-submission integration,integration,pass (F-13)
OP-R06,scan,POST /api/scan/start,no key (older tab),anonymous,none,new scan each time (backward compatible),3 distinct jobs,normal,neon-scan-submission integration,integration,pass
OP-R07,scan,/[locale]/scan step 4,"Start, network error, Start again (en/zh-HK/zh-TW)",anonymous,consent ticked,same submission_key and navigates to scanning page,"as expected (before fix: no key sent)",failure/retry,components/scan-page.submission.test.tsx,component,pass (F-13)
OP-R08,scan,/[locale]/scan step 4,server reports key conflict,anonymous,none,"key forgotten; consent kept; next press uses a new key","as expected (before fix: fell into stale-consent branch and unticked consent)",recovery,components/scan-page.submission.test.tsx,component,pass (F-13)
OP-R09,scan,GET /api/scan/status,poll while collecting with no IG handle,anonymous,ig_handle empty,"notProvided [instagram]; IG card 未提供","as expected (before: 等候收集結果)",missing data,"app/api/scan/status/route.test.ts; lib/funnel/collector-outcomes.test.ts; readStatus integration",unit + integration,pass (F-15)
OP-R10,scan,GET /api/scan/status,terminal partial with measured/unavailable/failed modules,anonymous,none,module states never blanket measured,as expected,partial report,app/api/scan/status/route.test.ts,unit,pass
OP-R11,scan,scanning page,collecting_aeo without module outcomes,anonymous,none,no source shown as measured,IG awaiting_result (not done),in-flight honesty,E32 re-run (evidence/E32-rerun.json),pure function,pass (T-07)
OP-R12,rescan,POST /api/workspaces/[id]/rescan,press again while the rescan is queued or in flight,owner/manager,paid tier,"returns live job before the daily limiter; no new job","as expected (before fix: new job)",failure/retry,"rescan route.test.ts; neon-rescan integration",unit + integration,pass (F-13)
OP-R13,rescan,POST /api/workspaces/[id]/rescan,3 concurrent presses,owner,paid,1 job,"1 job (before fix: 3)",concurrency,neon-rescan integration,integration,pass (F-13)
OP-R14,rescan,POST /api/workspaces/[id]/rescan,"press after the previous one failed or was dead-lettered; an old queued one is reused",owner,paid,"new job after failed/dead-lettered; same job when only old and queued",as expected,recovery,neon-rescan integration,integration,pass
OP-R15,rescan,POST /api/workspaces/[id]/rescan,lite tier,owner (lite),none,403 before any live-job lookup or limiter,"403; lookup not called",no permission,rescan route.test.ts,unit,pass
OP-A01,sign-in,parseAuthFlow / parseReportSlug,claim=3cuOKFmHdiYf00BOs27E_NO1,signed-in,none,slug kept through sign-in and onboarding,accepted by the shared parser,normal,E32 re-run,pure function,pass (T-03)
OP-A02,sign-in,parseReportSlug,"claim with / or 65 chars or %2F",any,none,rejected,null,invalid input,E32 re-run,pure function,pass (T-03)
OP-A03,sign-in,/zh-HK/owner/onboarding?claim=(slug with _),open onboarding with an underscore slug,signed-in owner,production d1cbc7b,claim context kept,"not verified in production: fix not deployed; original audit E22 showed the failure",hosted,none,hosted,blocked (not deployed)
OP-A04,select-workspace,/[locale]/owner/select-workspace,no_access user sees own request,signed-in nonmember,own pending request,"only own request; no membership created",latestForUser scoped by user_id (code read),no permission,lib/repositories/access-requests.ts,code read + Codex unit/DB,pass (code) / hosted not run
OP-D01,daily work,POST /api/actions/[id]/run,second Generate while the first is queued,owner,run queued under 3 min,"409 run_in_progress; no model call; no run row","as expected (before fix: 200 and a model call)",duplicate,test/integration/neon-artifact-runtime.integration.test.ts,integration (real route + Postgres),pass (F-14)
OP-D02,daily work,POST /api/actions/[id]/run,second Generate while the first is running,owner,run running under 3 min,"409; no model call",as expected,duplicate,neon-artifact-runtime integration,integration,pass (F-14)
OP-D03,daily work,POST /api/actions/[id]/run,two concurrent Generates,owner,none,"one model call; v1 only","as expected (before fix: both reached the model)",concurrency,neon-artifact-runtime integration,integration,pass (F-14)
OP-D04,daily work,POST /api/actions/[id]/run,Generate with a stale (over 3 min) unreaped run,owner,none,run proceeds,succeeded,recovery,neon-artifact-runtime integration,integration,pass (F-14)
OP-D05,daily work,action detail,409 run_in_progress message,owner,none,"explains nothing was charged; refreshes",implemented in three locales,duplicate,components/workspace/action-detail-client.tsx,code + route unit,pass (code) / browser not run
OP-D06,daily work,POST /api/actions/[id]/run,viewer or out-of-scope manager,viewer/manager,none,403 before effects,"403; no rows",no permission,neon-artifact-runtime integration (existing),integration,pass
OP-D07,daily work,listActions counts across tabs,mixed open and completed,owner,none,counts identical for every tab,identical (real SQL),tabs,neon-workspace-read integration (T-09),integration,pass (full gate)
OP-D08,daily work,completedActions month window,HK/TW 00:15 local on the 1st,owner,none,counted in the local month,counted,month boundary,neon-workspace-read integration (T-10),integration,pass (full gate)
OP-D09,daily work,/zh-HK/owner/nadagogo (production),open owner home,owner,production d1cbc7b,home renders,"actions lookup failed on every observed visit since 2026-10-02 (500 x3, then error boundary)",hosted failure,evidence/F16-red.txt (Vercel logs),hosted (read-only logs),fail (F-16; root cause unconfirmed)
OP-D10,daily work,read() wrapper,SQL failure (actions.offer_id missing),none,none,"log SQLSTATE 42703 only; rethrow generic",as expected,observability,"lib/workspace/queries-pages.test.ts; neon-workspace-read integration",unit + integration,pass (F-16)
OP-M01,maintenance,pnpm neon:readiness,application column missing (actions.offer_id),operator,journal intact,not_ready / schema,"not_ready (before fix: ready)",drift,neon-readiness integration,integration,pass (F-16)
OP-M02,maintenance,pnpm neon:readiness,production deployed database,operator,read-only access,READY or a named gap,not run (no production DB access),hosted,none,hosted,blocked
OP-M03,maintenance,/api/cron/dispatch,scheduled tick,none,DEC-10 cron removed,no tick,no tick (by decision),none,vercel.json,config,not-applicable
OP-I01,AI,promotion_copy acceptance,HKD 88 offer written NT$88 or US$88,owner,offer HKD 88,offer_price_mismatch warning,warning,wrong currency,E32 re-run,pure function,pass (T-06)
OP-I02,AI,promotion_copy acceptance,"start only, end only, wrong year",owner,offer 2026-10-01 to 31,offer_dates_missing warning,warning,missing dates,E32 re-run,pure function,pass (T-06)
OP-I03,AI,promotion_copy acceptance,"HK$88, HKD 88, NT$1,280, 2026年10月1日至10月31日, 2026/10/01–2026/10/31, 1 Oct 2026",owner,none,no warning,no warning,normal,E32 re-run,pure function,pass (T-06)
OP-I04,AI,prompt composition,review text containing instructions,none,none,"evidence fenced as untrusted JSON; no tools; human approval","as designed (code read); corpus adversarial cases",adversarial,"lib/agents/prompt.ts; test/corpus/workflows",code read + offline corpus,pass (offline only)
OP-I05,AI,live model quality,any tool,none,approved budget and dataset,quality scores,not run,live eval,none,hosted,blocked (DEC-04)
