task_id,finding_ids,priority,title,implementation_status,implementation_sha,independent_local_evidence_2026-10-09,ci_status,hosted_status,deployed_status,blocker,next_action,rollback
T-01,F-01,P1,cron 已撤下（DEC-10）並停止沿用舊 401 結論,baseline_verified,d1cbc7b,vercel.json 仍無 crons（origin/main cb0b546）；DEC-10 未見新決定,not_applicable,not_applicable,production 無 cron（d1cbc7b）,—,維持 DEC-10；只在 T-02 前提齊備及獲授權後啟用,純調查
T-02,F-01,P1,需要定時營運時另案啟用及驗收維護,prepared_only,c58bc01 (docs/operations/maintenance-activation.md),runbook 存在；沒有啟用,not_applicable,blocked,未啟用,DEC-10 營運決定變更、預算、告警對象、T-19,Willy 決定 DEC-10 後按 runbook 做 3 次受控 tick,移除 cron 項／回復部署
T-03,F-02,P1,統一報告 slug contract,code_fixed (Codex PR #44),c31a297,E32 重跑：3cuOKFmHdiYf00BOs27E_NO1 被 parseReportSlug 接受；slash／65 字元／%2F 被拒；returnTo 只作解碼檢查不改原值（lib/identity/sign-in-flow.ts）,CI success run 37822055638 @cb0b546；本分支 full gates 見 REAUDIT-REPORT §6,not_run（需登入身份＋workspace）,未部署：production 仍為 d1cbc7b（約 31% 報告 slug 含 _ 仍受影響）,部署授權,批准部署 main／本分支後 hosted 驗收 UC-12,git revert c31a297
T-04,F-03,P1,確認舊漏斗驗收失敗已消除,baseline_verified,d1cbc7b,CI run 37401133680 成功（歷史）；cb0b546 CI 亦成功,CI success,not_applicable,—,—,—,純調查
T-05,F-03,P1,部署必須等待 required CI,prepared_only + main deploy hold,6bc3b0f / ced4028,vercel.json deploymentEnabled main=false（main 不自動部署）；branch protection 404／rulesets [] 仍是 Codex 只讀觀察,not_applicable,blocked,main 自動部署已停（hold）,GitHub branch protection／Vercel promotion 設定權限及授權,Willy 審閱 docs/operations/release-gates.md 並決定 required checks,回復 vercel.json hold commit
T-06,F-04,P1 啟用前,優惠事實檢查（幣種、起訖日期、年份）,code_fixed (Codex PR #44),3902941 / efd51ca,E32 擴展重跑：HK$88 vs NT$88/US$88 → warning；漏起日、漏迄日、錯年 → warning；HK$88、HKD 88、NT$1,280、2026年10月1日至10月31日、2026/10/01–2026/10/31、1 Oct 2026 → 通過。$88／1,280元 → 警告「不明確」（設計：locale 不作幣種證據）,CI success @cb0b546,not_run（OFFER_PROMOTIONS_ENABLED 預設 off）,未部署,—,啟用前 hosted 抽樣,git revert 3902941 efd51ca；旗標保持 off
T-07,F-05,P2,掃描進度反映真實來源狀態,code_fixed (Codex PR #44) + F-15 增補（本 session）,3ea795d + db7f844,E32 重跑：collecting_aeo 時 IG=awaiting_result（不再 done）；本 session F-15：沒填 IG 時由第一次 poll 起顯示「未提供」,CI success @cb0b546（F-15 未推送）,not_run（需受准許 live scan）,未部署,付費 scan 授權,live scan 驗收 UC-04,git revert db7f844（F-15）／3ea795d
T-08,F-06,P2,前後端共用網址驗證,code_fixed (Codex PR #44),3ea795d,讀碼確認：空白可過；not-a-url／非 http(s)／>2048／含 user:pass 在建立工作前 400；candidate URL 亦驗證（無效時阻擋，見 F-17 觀察）,CI success @cb0b546,not_run,未部署,—,hosted UC-03,git revert 3ea795d
T-09,F-07,P2,行動 tabs 統計口徑,code_fixed (Codex PR #44),0fc4eec,真 DB integration（neon-workspace-read T-09）存在；本分支 full gate 重跑,CI success @cb0b546,not_run（需 workspace）,未部署,—,hosted 列表驗收,git revert 0fc4eec
T-10,F-08,P2,本地月份邊界,code_fixed (Codex PR #44),0fc4eec,真 DB integration：HK/TW 00:00、00:15、07:59、08:00、月底、New York DST、通知去重,CI success @cb0b546,not_run,未部署,—,—,git revert 0fc4eec
T-11,F-09,P2,mail 批次共享總 deadline,code_fixed (Codex PR #44),5a82d82,讀碼確認 55s 工作＋5s 收尾、AbortSignal 傳到 request／body、budget pool statement_timeout；cron 仍關,CI success @cb0b546,blocked（cron off）,未部署,DEC-10,T-02 後受控觀察,git revert 5a82d82
T-12,F-10,P2,有界列表及大工作台量測,code_fixed (Codex PR #44),9ae5f12 / efd51ca,Codex benchmark 1000 actions：16000 rows→27 rows；0015 只是 index（runtime 不依賴）,CI success @cb0b546,not_run,未部署；0015 未套用正式 DB,T-19 DB 存取／migration 授權,發佈時另行套用 0015（可延後）,revert 程式；index 可保留
T-13,F-10,P2,搜尋／篩選／批量分派,code_fixed (Codex PR #44；ACTION_BULK_ASSIGN_ENABLED 預設 off),8309f49 / 01b1bdd / 13dc0fb,讀碼確認：每項 transaction 內重驗 membership／scope／assignee／CAS；只限 assignee／due；最多 50,CI success @cb0b546,not_run（flag off）,未部署,flag 啟用授權,hosted 啟用驗收,關 flag；revert
T-14,F-11,P3,本地化來源限制與店主文案,code_fixed (Codex PR #44),3ea795d,report-labels 三語 limitation mapping＋fallback；F-15 補「未提供」狀態,CI success @cb0b546,not_run,未部署,—,hosted 三語覆核,git revert 3ea795d
T-15,—,P1,登入後真實驗收,fixture_verified_only,6941ed7,Codex acceptance 49/49；本分支 e2e:acceptance 見 REAUDIT-REPORT §6,CI success @cb0b546（acceptance 包含）,blocked,—,專用 owner／manager／viewer／nonmember 身份及授權 workspace；F-16 production owner home 失敗,先處理 F-16，再做 hosted 旅程,—
T-16,—,P2,AI 輸出品質基線,offline_corpus_only,4f64c9f,88 HK/TW corpus cases（normal／missing-data／adversarial／recovery）；沒有真模型評分,CI success @cb0b546,blocked,—,DEC-04 預算／dataset／模型／人工評審,批准 live eval 後執行 eval:workflows live,純評測
T-17,—,P2,香港手機效能及可用性,fixture_verified_only,13dc0fb,375px／鍵盤 Playwright（fixture）,CI success @cb0b546,blocked,—,HK 真裝置／網絡樣本,field 測量,—
T-18,F-12,P2,無成員帳戶的本人申請入口,code_fixed (Codex PR #44),5109ecf,讀碼確認 latestForUser 以 user_id 限定，不建立 membership,CI success @cb0b546,not_run,未部署,部署授權,hosted UC-22,git revert 5109ecf
T-19,—,P1 啟用前,正式 migration journal／readiness,prepared_only + 本 session 加強,1bbb69d,readiness 現在核對 schema 宣告的每一欄（F-16）；integration 19/19,未推送,blocked,—,正式 DB binding／唯讀存取（T-19）,Willy 用唯讀身份在部署指向的 DB 跑 pnpm neon:readiness,revert 1bbb69d（只讀工具）
T-20,—,P1 啟用前,新功能 flags／scope／quota／恢復,fixture_verified_only,76404c4,flags 全部預設 off（精確 "true"）；fixture 矩陣,CI success @cb0b546,blocked,flags 實值未讀（不讀 secret）,staging workspace＋授權,—,關 flags
T-21,—,P2,備份還原演練,prepared_only,1d28c8f,runbook／模板；沒有 restore,not_applicable,blocked,—,backup 來源／隔離 target／授權,批准後做隔離 restore,刪演練環境
T-22,F-13（新）,P2,掃描開始及重掃重送安全（不重建 scan、不重扣額度）,code_fixed_this_session,e9a6f9b,RED→GREEN：真 route＋Postgres：重送回同一 job、5 個並發→1 job、key 重用於不同店→409；重掃：重送／3 並發→1 job，終態或逾 30 分鐘後可再掃；component：斷線後重按沿用同一 key（三語）,未推送（本地 full gates 見 §6）,not_run,未部署,—,PR 審閱＋CI,git revert e9a6f9b（沒有 migration）
T-23,F-14（新）,P2,同一行動並發 AI 生成只收費一次,code_fixed_this_session,9677918 + 1bbb69d,RED→GREEN：真 route＋Postgres：queued／running 中再按→409 run_in_progress 且不呼叫模型；並發兩次只一次到模型；>3 分鐘 stale run 不阻擋,未推送,not_run,未部署,—,PR 審閱＋CI,git revert 9677918 1bbb69d
T-24,F-15（新）,P3,沒填 IG 時進度即時顯示「未提供」,code_fixed_this_session,db7f844,RED→GREEN：collectorPhases overlay、status route notProvided、readStatus SQL（integration）,未推送,not_run,未部署,—,PR 審閱,git revert db7f844
T-25,F-16（新）,P1,production owner 首頁讀取 actions 失敗（nadagogo）,partial：可觀察性及 readiness 已加強；根因未證實,1bbb69d,production logs：2026-10-02 起每次 /zh-HK/owner/nadagogo 皆 "actions lookup failed"；本地 RED→GREEN：SQLSTATE-only log、readiness 欄位核對,未推送,blocked,production 仍失敗（d1cbc7b）,正式 DB 唯讀 readiness（T-19）,Willy 跑 pnpm neon:readiness；若缺 0011 欄位按 rollout 檔補套（需授權）,revert 1bbb69d
